{
  "Author": "SoyaX",
  "Name": "Doorbell",
  "InternalName": "Doorbell",
  "AssemblyVersion": "1.0.3.4",
  "Description": "Play a chime when someone comes into a house, when they leave or when entering a house people are already inside.\n\nIcon by Flaticon",
  "ApplicableVersion": "any",
  "RepoUrl": "https://github.com/SoyaX/Doorbell",
  "DalamudApiLevel": 9,
  "LoadRequiredState": 0,
  "LoadSync": false,
  "CanUnloadAsync": false,
  "LoadPriority": 0,
  "Punchline": "Play a chime when someone comes into a house.",
  "AcceptsFeedback": true
}