{
  "Tracker - On Character": {
    "message": "On Character",
    "description": "TrackerWindow.Draw"
  },
  "Tracker - Playtime under minute": {
    "message": "less than a minute",
    "description": "TrackerWindow.Draw"
  },
  "Tracker - Total Playtime": {
    "message": "Total:",
    "description": "TrackerWindow.Draw"
  },
  "Tracker - Total Character Time": {
    "message": "Character Total:",
    "description": "TrackerWindow.Draw"
  },
  "Config - Saved Characters Header": {
    "message": "Saved Character:",
    "description": "ConfigWindow.Characters"
  },
  "Config - Formatting Header": {
    "message": "Formatting:",
    "description": "ConfigWindow.General"
  },
  "Config - Display Normal": {
    "message": "Normal",
    "description": "ConfigWindow.General"
  },
  "Time - Seconds": {
    "message": "Seconds",
    "description": "ConfigWindow.General"
  },
  "Time - Minutes": {
    "message": "Minutes",
    "description": "ConfigWindow.General"
  },
  "Time - Hours": {
    "message": "Hours",
    "description": "ConfigWindow.General"
  },
  "Time - Days": {
    "message": "Days",
    "description": "ConfigWindow.General"
  },
  "Config - Character Output Header": {
    "message": "Character Output:",
    "description": "ConfigWindow.General"
  },
  "Config - Current Character": {
    "message": "Show current character",
    "description": "ConfigWindow.General"
  },
  "Config - Other Characters": {
    "message": "Show other characters",
    "description": "ConfigWindow.General"
  },
  "Config - Header Server Bar": {
    "message": "Server Bar:",
    "description": "ConfigWindow.General"
  },
  "Config - Enabled": {
    "message": "Enabled",
    "description": "ConfigWindow.General"
  },
  "Config - Header AutoSave": {
    "message": "AutoSave:",
    "description": "ConfigWindow.General"
  },
  "Config - Display Header": {
    "message": "Display Option:",
    "description": "ConfigWindow.UI"
  },
  "Chat - Not registered": {
    "message": "Current character has yet to be logged, type /playtime to update.",
    "description": "TimeManager.PrintPlaytime"
  },
  "Chat - All characters": {
    "message": "Across all characters, you have played for",
    "description": "TimeManager.PrintPlaytime"
  },
  "Time - Day": {
    "message": "Day",
    "description": "TimeManager.GeneratePlaytimeString"
  },
  "Time - Hour": {
    "message": "Hour",
    "description": "TimeManager.GeneratePlaytimeString"
  },
  "Time - Minute": {
    "message": "Minute",
    "description": "TimeManager.GeneratePlaytimeString"
  }
}