[{"Type":"SirensongSea","IsSpectral":false,"Fish":[{"ItemId":40524,"CellType":"None","VoyageMissionType":"None","CanCauseSpectral":false,"RequiredBait":null,"BiteTimes":{"29714":{"Range":{"Type":"Range","Start":5,"End":9},"CellType":"Usable"},"29715":{"Range":{"Type":"Range","Start":5,"End":9},"CellType":"Usable"},"29716":{"Range":{"Type":"Range","Start":5,"End":9},"CellType":"BestOrRequired"},"29717":{"Range":{"Type":"Range","Start":8,"End":12},"CellType":"Usable"}},"DoubleHook":{"Type":"Single","Start":2,"End":null},"TripleHook":{"Type":"Single","Start":3,"End":null},"BitePower":2,"Hookset":"Powerful","AveragePoints":15,"Stars":1,"TimeAvailability":{},"WeatherAvailability":{"FairSkies":true,"Clouds":true,"Fog":true,"Rain":false,"Thunderstorms":false,"ClearSkies":true},"Intuition":null,"Mooch":null},{"ItemId":40522,"CellType":"None","VoyageMissionType":"Shellfish","CanCauseSpectral":false,"RequiredBait":null,"BiteTimes":{"29714":{"Range":{"Type":"Range","Start":4,"End":7},"CellType":"BestOrRequired"},"29715":{"Range":{"Type":"Range","Start":4,"End":7},"CellType":"Usable"},"29716":{"Range":{"Type":"Range","Start":4,"End":7},"CellType":"Usable"},"29717":{"Range":{"Type":"Range","Start":8,"End":11},"CellType":"Usable"}},"DoubleHook":{"Type":"Single","Start":3,"End":null},"TripleHook":{"Type":"Single","Start":5,"End":null},"BitePower":1,"Hookset":"Precision","AveragePoints":11,"Stars":1,"TimeAvailability":{},"WeatherAvailability":{"FairSkies":true,"Clouds":true,"Fog":true,"Rain":true,"Thunderstorms":true,"ClearSkies":true},"Intuition":null,"Mooch":null},{"ItemId":40523,"CellType":"None","VoyageMissionType":"Squid","CanCauseSpectral":false,"RequiredBait":null,"BiteTimes":{"29714":{"Range":{"Type":"Range","Start":10,"End":18},"CellType":"Usable"},"29715":{"Range":{"Type":"Range","Start":10,"End":18},"CellType":"BestOrRequired"},"29716":{"Range":{"Type":"Range","Start":10,"End":18},"CellType":"Usable"},"29717":{"Range":{"Type":"Range","Start":13,"End":22},"CellType":"Usable"}},"DoubleHook":{"Type":"Single","Start":3,"End":null},"TripleHook":{"Type":"Single","Start":5,"End":null},"BitePower":2,"Hookset":"Powerful","AveragePoints":10,"Stars":1,"TimeAvailability":{},"WeatherAvailability":{"FairSkies":true,"Clouds":true,"Fog":true,"Rain":true,"Thunderstorms":true,"ClearSkies":true},"Intuition":null,"Mooch":null},{"ItemId":40521,"CellType":"None","VoyageMissionType":"Shrimp","CanCauseSpectral":false,"RequiredBait":null,"BiteTimes":{"29714":{"Range":{"Type":"Range","Start":13,"End":20},"CellType":"Usable"},"29715":{"Range":{"Type":"Range","Start":8,"End":15},"CellType":"BestOrRequired"},"29716":{"Range":{"Type":"Range","Start":13,"End":20},"CellType":"Usable"},"29717":{"Range":{"Type":"Range","Start":13,"End":20},"CellType":"Usable"}},"DoubleHook":{"Type":"Single","Start":3,"End":null},"TripleHook":{"Type":"Single","Start":5,"End":null},"BitePower":1,"Hookset":"Precision","AveragePoints":31,"Stars":2,"TimeAvailability":{},"WeatherAvailability":{"FairSkies":true,"Clouds":true,"Fog":true,"Rain":true,"Thunderstorms":true,"ClearSkies":true},"Intuition":null,"Mooch":null},{"ItemId":40525,"CellType":"None","VoyageMissionType":"None","CanCauseSpectral":false,"RequiredBait":null,"BiteTimes":{"29714":{"Range":{"Type":"Range","Start":9,"End":14},"CellType":"Usable"},"29715":{"Range":{"Type":"Range","Start":5,"End":9},"CellType":"BestOrRequired"},"29716":{"Range":{"Type":"Range","Start":9,"End":14},"CellType":"Usable"},"29717":{"Range":{"Type":"Range","Start":10,"End":14},"CellType":"Usable"}},"DoubleHook":{"Type":"Single","Start":2,"End":null},"TripleHook":{"Type":"Single","Start":3,"End":null},"BitePower":2,"Hookset":"Powerful","AveragePoints":42,"Stars":2,"TimeAvailability":{},"WeatherAvailability":{"FairSkies":true,"Clouds":true,"Fog":true,"Rain":true,"Thunderstorms":false,"ClearSkies":true},"Intuition":null,"Mooch":null},{"ItemId":40526,"CellType":"None","VoyageMissionType":"None","CanCauseSpectral":false,"RequiredBait":null,"BiteTimes":{"29714":{"Range":{"Type":"Range","Start":11,"End":20},"CellType":"BestOrRequired"},"29715":{"Range":{"Type":"Range","Start":15,"End":25},"CellType":"Usable"},"29716":{"Range":{"Type":"Range","Start":15,"End":25},"CellType":"Usable"},"29717":{"Range":{"Type":"Range","Start":16,"End":24},"CellType":"Usable"}},"DoubleHook":{"Type":"Single","Start":4,"End":null},"TripleHook":{"Type":"Single","Start":7,"End":null},"BitePower":1,"Hookset":"Precision","AveragePoints":38,"Stars":2,"TimeAvailability":{},"WeatherAvailability":{"FairSkies":true,"Clouds":false,"Fog":false,"Rain":true,"Thunderstorms":true,"ClearSkies":true},"Intuition":null,"Mooch":null},{"ItemId":40527,"CellType":"None","VoyageMissionType":"None","CanCauseSpectral":false,"RequiredBait":null,"BiteTimes":{"29714":{"Range":{"Type":"Range","Start":17,"End":29},"CellType":"BestOrRequired"},"29715":{"Range":{"Type":"Range","Start":19,"End":30},"CellType":"Usable"},"29716":{"Range":{"Type":"Range","Start":19,"End":30},"CellType":"Usable"},"29717":{"Range":{"Type":"Range","Start":19,"End":30},"CellType":"Usable"}},"DoubleHook":{"Type":"Single","Start":2,"End":null},"TripleHook":{"Type":"Single","Start":3,"End":null},"BitePower":1,"Hookset":"Precision","AveragePoints":56,"Stars":3,"TimeAvailability":{},"WeatherAvailability":{"FairSkies":true,"Clouds":true,"Fog":true,"Rain":true,"Thunderstorms":true,"ClearSkies":true},"Intuition":null,"Mooch":null},{"ItemId":40528,"CellType":"None","VoyageMissionType":"None","CanCauseSpectral":false,"RequiredBait":null,"BiteTimes":{"29714":{"Range":{"Type":"Range","Start":17,"End":27},"CellType":"Usable"},"29715":{"Range":{"Type":"Range","Start":17,"End":27},"CellType":"Usable"},"29716":{"Range":{"Type":"Range","Start":16,"End":26},"CellType":"BestOrRequired"},"29717":{"Range":{"Type":"Range","Start":18,"End":25},"CellType":"Usable"}},"DoubleHook":{"Type":"Single","Start":2,"End":null},"TripleHook":{"Type":"Single","Start":3,"End":null},"BitePower":3,"Hookset":"Powerful","AveragePoints":47,"Stars":3,"TimeAvailability":{},"WeatherAvailability":{"FairSkies":true,"Clouds":true,"Fog":true,"Rain":true,"Thunderstorms":true,"ClearSkies":true},"Intuition":null,"Mooch":null},{"ItemId":40529,"CellType":"None","VoyageMissionType":"None","CanCauseSpectral":true,"RequiredBait":null,"BiteTimes":{"29714":{"Range":{"Type":"Range","Start":15,"End":25},"CellType":"Usable"},"29715":{"Range":{"Type":"Range","Start":15,"End":25},"CellType":"Usable"},"29716":{"Range":{"Type":"Range","Start":15,"End":25},"CellType":"BestOrRequired"}},"DoubleHook":{"Type":"Single","Start":1,"End":null},"TripleHook":{"Type":"Single","Start":1,"End":null},"BitePower":3,"Hookset":"Powerful","AveragePoints":100,"Stars":4,"TimeAvailability":{},"WeatherAvailability":{"FairSkies":true,"Clouds":true,"Fog":true,"Rain":true,"Thunderstorms":true,"ClearSkies":false},"Intuition":null,"Mooch":null},{"ItemId":40530,"CellType":"Intuition","VoyageMissionType":"None","CanCauseSpectral":false,"RequiredBait":null,"BiteTimes":{"29716":{"Range":{"Type":"Range","Start":12,"End":23},"CellType":"BestOrRequired"}},"DoubleHook":{"Type":"Single","Start":1,"End":null},"TripleHook":{"Type":"Single","Start":1,"End":null},"BitePower":3,"Hookset":"Powerful","AveragePoints":263,"Stars":4,"TimeAvailability":{},"WeatherAvailability":{"FairSkies":true,"Clouds":true,"Fog":true,"Rain":true,"Thunderstorms":true,"ClearSkies":true},"Intuition":{"Fish":[{"Item1":40527,"Item2":2}],"Duration":60},"Mooch":null}]},{"Type":"SirensongSea","IsSpectral":true,"Fish":[{"ItemId":40531,"CellType":"None","VoyageMissionType":"Shellfish","CanCauseSpectral":false,"RequiredBait":null,"BiteTimes":{"29714":{"Range":{"Type":"Range","Start":3,"End":4},"CellType":"BestOrRequired"},"29715":{"Range":{"Type":"Range","Start":3,"End":4},"CellType":"Usable"},"29716":{"Range":{"Type":"Range","Start":3,"End":4},"CellType":"Usable"},"36593":{"Range":{"Type":"Range","Start":6,"End":8},"CellType":"Usable"}},"DoubleHook":{"Type":"Single","Start":4,"End":null},"TripleHook":{"Type":"Single","Start":7,"End":null},"BitePower":1,"Hookset":"Precision","AveragePoints":51,"Stars":4,"TimeAvailability":{"Day":true,"Sunset":true,"Night":true},"WeatherAvailability":{},"Intuition":null,"Mooch":null},{"ItemId":40532,"CellType":"None","VoyageMissionType":"Squid","CanCauseSpectral":false,"RequiredBait":null,"BiteTimes":{"29714":{"Range":{"Type":"Range","Start":3,"End":4},"CellType":"Usable"},"29715":{"Range":{"Type":"Range","Start":3,"End":4},"CellType":"Usable"},"29716":{"Range":{"Type":"Range","Start":3,"End":4},"CellType":"BestOrRequired"},"36593":{"Range":{"Type":"Range","Start":3,"End":4},"CellType":"Usable"}},"DoubleHook":{"Type":"Single","Start":4,"End":null},"TripleHook":{"Type":"Single","Start":7,"End":null},"BitePower":2,"Hookset":"Powerful","AveragePoints":68,"Stars":4,"TimeAvailability":{"Day":true,"Sunset":true,"Night":false},"WeatherAvailability":{},"Intuition":null,"Mooch":null},{"ItemId":40533,"CellType":"None","VoyageMissionType":"Shrimp","CanCauseSpectral":false,"RequiredBait":null,"BiteTimes":{"29715":{"Range":{"Type":"Range","Start":6,"End":8},"CellType":"BestOrRequired"},"36593":{"Range":{"Type":"Range","Start":6,"End":7},"CellType":"Usable"}},"DoubleHook":{"Type":"Single","Start":4,"End":null},"TripleHook":{"Type":"Single","Start":7,"End":null},"BitePower":1,"Hookset":"Precision","AveragePoints":144,"Stars":4,"TimeAvailability":{"Day":false,"Sunset":false,"Night":true},"WeatherAvailability":{},"Intuition":null,"Mooch":null},{"ItemId":40534,"CellType":"None","VoyageMissionType":"None","CanCauseSpectral":false,"RequiredBait":null,"BiteTimes":{"29714":{"Range":{"Type":"Range","Start":4,"End":6},"CellType":"Usable"},"29715":{"Range":{"Type":"Range","Start":4,"End":6},"CellType":"Usable"},"29716":{"Range":{"Type":"Range","Start":4,"End":6},"CellType":"BestOrRequired"},"36593":{"Range":{"Type":"Range","Start":4,"End":6},"CellType":"Usable"}},"DoubleHook":{"Type":"Single","Start":2,"End":null},"TripleHook":{"Type":"Single","Start":3,"End":null},"BitePower":3,"Hookset":"Powerful","AveragePoints":51,"Stars":4,"TimeAvailability":{"Day":true,"Sunset":true,"Night":true},"WeatherAvailability":{},"Intuition":null,"Mooch":null},{"ItemId":40535,"CellType":"None","VoyageMissionType":"None","CanCauseSpectral":false,"RequiredBait":null,"BiteTimes":{"29714":{"Range":{"Type":"Range","Start":5,"End":6},"CellType":"BestOrRequired"},"36593":{"Range":{"Type":"Range","Start":5,"End":6},"CellType":"Usable"}},"DoubleHook":{"Type":"Single","Start":2,"End":null},"TripleHook":{"Type":"Single","Start":3,"End":null},"BitePower":1,"Hookset":"Precision","AveragePoints":101,"Stars":4,"TimeAvailability":{"Day":true,"Sunset":true,"Night":true},"WeatherAvailability":{},"Intuition":null,"Mooch":null},{"ItemId":40536,"CellType":"None","VoyageMissionType":"None","CanCauseSpectral":false,"RequiredBait":null,"BiteTimes":{"29716":{"Range":{"Type":"Range","Start":5,"End":6},"CellType":"BestOrRequired"},"36593":{"Range":{"Type":"Range","Start":5,"End":6},"CellType":"Usable"}},"DoubleHook":{"Type":"Single","Start":2,"End":null},"TripleHook":{"Type":"Single","Start":3,"End":null},"BitePower":3,"Hookset":"Powerful","AveragePoints":102,"Stars":4,"TimeAvailability":{"Day":false,"Sunset":false,"Night":true},"WeatherAvailability":{},"Intuition":null,"Mooch":null},{"ItemId":40537,"CellType":"None","VoyageMissionType":"None","CanCauseSpectral":false,"RequiredBait":null,"BiteTimes":{"29715":{"Range":{"Type":"Range","Start":5,"End":6},"CellType":"BestOrRequired"},"36593":{"Range":{"Type":"Range","Start":5,"End":6},"CellType":"Usable"}},"DoubleHook":{"Type":"Single","Start":2,"End":null},"TripleHook":{"Type":"Single","Start":3,"End":null},"BitePower":1,"Hookset":"Precision","AveragePoints":144,"Stars":4,"TimeAvailability":{"Day":true,"Sunset":true,"Night":true},"WeatherAvailability":{},"Intuition":null,"Mooch":null},{"ItemId":40538,"CellType":"None","VoyageMissionType":"None","CanCauseSpectral":false,"RequiredBait":null,"BiteTimes":{"29715":{"Range":{"Type":"Range","Start":3,"End":4},"CellType":"BestOrRequired"}},"DoubleHook":{"Type":"Single","Start":2,"End":null},"TripleHook":{"Type":"Single","Start":3,"End":null},"BitePower":1,"Hookset":"Precision","AveragePoints":72,"Stars":4,"TimeAvailability":{"Day":true,"Sunset":true,"Night":true},"WeatherAvailability":{},"Intuition":null,"Mooch":null},{"ItemId":40539,"CellType":"None","VoyageMissionType":"None","CanCauseSpectral":false,"RequiredBait":null,"BiteTimes":{"29715":{"Range":{"Type":"Range","Start":7,"End":8},"CellType":"BestOrRequired"}},"DoubleHook":{"Type":"Single","Start":2,"End":null},"TripleHook":{"Type":"Single","Start":3,"End":null},"BitePower":2,"Hookset":"Powerful","AveragePoints":289,"Stars":4,"TimeAvailability":{"Day":false,"Sunset":true,"Night":false},"WeatherAvailability":{},"Intuition":null,"Mooch":null},{"ItemId":40540,"CellType":"Intuition","VoyageMissionType":"None","CanCauseSpectral":false,"RequiredBait":36593,"BiteTimes":{"36593":{"Range":{"Type":"LooseRange","Start":9,"End":null},"CellType":"BestOrRequired"}},"DoubleHook":{"Type":"Single","Start":1,"End":null},"TripleHook":{"Type":"Single","Start":1,"End":null},"BitePower":3,"Hookset":"Powerful","AveragePoints":500,"Stars":5,"TimeAvailability":{"Day":true,"Sunset":false,"Night":false},"WeatherAvailability":{},"Intuition":{"Fish":[{"Item1":40534,"Item2":3}],"Duration":15},"Mooch":null}]},{"Type":"KuganeCoast","IsSpectral":false,"Fish":[{"ItemId":40541,"CellType":"Mooched","VoyageMissionType":"None","CanCauseSpectral":false,"RequiredBait":null,"BiteTimes":{"29714":{"Range":{"Type":"Range","Start":5,"End":9},"CellType":"Usable"},"29715":{"Range":{"Type":"Range","Start":5,"End":9},"CellType":"BestOrRequired"},"29716":{"Range":{"Type":"Range","Start":5,"End":9},"CellType":"Usable"}},"DoubleHook":{"Type":"Single","Start":2,"End":null},"TripleHook":{"Type":"Single","Start":3,"End":null},"BitePower":2,"Hookset":"Powerful","AveragePoints":14,"Stars":1,"TimeAvailability":{},"WeatherAvailability":{"FairSkies":true,"Clouds":true,"Fog":true,"Rain":false,"Showers":false,"ClearSkies":true},"Intuition":null,"Mooch":null},{"ItemId":40542,"CellType":"None","VoyageMissionType":"Shellfish","CanCauseSpectral":false,"RequiredBait":null,"BiteTimes":{"29714":{"Range":{"Type":"Range","Start":15,"End":29},"CellType":"BestOrRequired"},"29715":{"Range":{"Type":"Range","Start":15,"End":29},"CellType":"Usable"},"29716":{"Range":{"Type":"Range","Start":15,"End":29},"CellType":"Usable"}},"DoubleHook":{"Type":"Single","Start":3,"End":null},"TripleHook":{"Type":"Single","Start":5,"End":null},"BitePower":1,"Hookset":"Precision","AveragePoints":10,"Stars":1,"TimeAvailability":{},"WeatherAvailability":{"FairSkies":true,"Clouds":true,"Fog":true,"Rain":true,"Showers":true,"ClearSkies":true},"Intuition":null,"Mooch":null},{"ItemId":40543,"CellType":"Moochable","VoyageMissionType":"Shrimp","CanCauseSpectral":false,"RequiredBait":null,"BiteTimes":{"29714":{"Range":{"Type":"Range","Start":5,"End":9},"CellType":"BestOrRequired"},"29715":{"Range":{"Type":"Range","Start":5,"End":9},"CellType":"Usable"},"29716":{"Range":{"Type":"Range","Start":5,"End":9},"CellType":"BestOrRequired"}},"DoubleHook":{"Type":"Single","Start":3,"End":null},"TripleHook":{"Type":"Single","Start":5,"End":null},"BitePower":1,"Hookset":"Precision","AveragePoints":10,"Stars":1,"TimeAvailability":{},"WeatherAvailability":{"FairSkies":true,"Clouds":true,"Fog":true,"Rain":true,"Showers":true,"ClearSkies":true},"Intuition":null,"Mooch":null},{"ItemId":40544,"CellType":"None","VoyageMissionType":"Squid","CanCauseSpectral":false,"RequiredBait":null,"BiteTimes":{"29714":{"Range":{"Type":"Range","Start":17,"End":29},"CellType":"Usable"},"29715":{"Range":{"Type":"Range","Start":17,"End":29},"CellType":"Usable"},"29716":{"Range":{"Type":"Range","Start":13,"End":24},"CellType":"BestOrRequired"}},"DoubleHook":{"Type":"Single","Start":3,"End":null},"TripleHook":{"Type":"Single","Start":5,"End":null},"BitePower":2,"Hookset":"Powerful","AveragePoints":26,"Stars":2,"TimeAvailability":{},"WeatherAvailability":{"FairSkies":true,"Clouds":true,"Fog":true,"Rain":true,"Showers":true,"ClearSkies":true},"Intuition":null,"Mooch":null},{"ItemId":40545,"CellType":"None","VoyageMissionType":"None","CanCauseSpectral":false,"RequiredBait":null,"BiteTimes":{"29714":{"Range":{"Type":"Range","Start":12,"End":17},"CellType":"Usable"},"29715":{"Range":{"Type":"Range","Start":12,"End":17},"CellType":"Usable"},"29716":{"Range":{"Type":"Range","Start":7,"End":12},"CellType":"BestOrRequired"}},"DoubleHook":{"Type":"Single","Start":2,"End":null},"TripleHook":{"Type":"Single","Start":3,"End":null},"BitePower":2,"Hookset":"Powerful","AveragePoints":37,"Stars":2,"TimeAvailability":{},"WeatherAvailability":{"FairSkies":true,"Clouds":true,"Fog":true,"Rain":true,"Showers":false,"ClearSkies":true},"Intuition":null,"Mooch":null},{"ItemId":40546,"CellType":"None","VoyageMissionType":"None","CanCauseSpectral":false,"RequiredBait":null,"BiteTimes":{"29714":{"Range":{"Type":"Range","Start":10,"End":14},"CellType":"Usable"},"29715":{"Range":{"Type":"Range","Start":5,"End":9},"CellType":"BestOrRequired"},"29716":{"Range":{"Type":"Range","Start":10,"End":14},"CellType":"Usable"}},"DoubleHook":{"Type":"Single","Start":2,"End":null},"TripleHook":{"Type":"Single","Start":3,"End":null},"BitePower":1,"Hookset":"Precision","AveragePoints":33,"Stars":2,"TimeAvailability":{},"WeatherAvailability":{"FairSkies":true,"Clouds":false,"Fog":false,"Rain":true,"Showers":true,"ClearSkies":true},"Intuition":null,"Mooch":null},{"ItemId":40547,"CellType":"Mooched","VoyageMissionType":"None","CanCauseSpectral":false,"RequiredBait":null,"BiteTimes":{"29714":{"Range":{"Type":"Range","Start":10,"End":14},"CellType":"BestOrRequired"},"29715":{"Range":{"Type":"Range","Start":11,"End":15},"CellType":"Usable"},"29716":{"Range":{"Type":"Range","Start":11,"End":15},"CellType":"Usable"}},"DoubleHook":{"Type":"Single","Start":2,"End":null},"TripleHook":{"Type":"Single","Start":3,"End":null},"BitePower":1,"Hookset":"Precision","AveragePoints":53,"Stars":3,"TimeAvailability":{},"WeatherAvailability":{"FairSkies":true,"Clouds":true,"Fog":true,"Rain":true,"Showers":true,"ClearSkies":true},"Intuition":null,"Mooch":null},{"ItemId":40548,"CellType":"MoochOnly","VoyageMissionType":"None","CanCauseSpectral":false,"RequiredBait":null,"BiteTimes":{},"DoubleHook":{"Type":"Single","Start":2,"End":null},"TripleHook":{"Type":"Single","Start":3,"End":null},"BitePower":3,"Hookset":"Powerful","AveragePoints":35,"Stars":3,"TimeAvailability":{},"WeatherAvailability":{"FairSkies":true,"Clouds":true,"Fog":true,"Rain":true,"Showers":true,"ClearSkies":true},"Intuition":null,"Mooch":{"RequiredBait":null,"Range":{"Type":"Range","Start":6,"End":12}}},{"ItemId":40549,"CellType":"None","VoyageMissionType":"None","CanCauseSpectral":true,"RequiredBait":null,"BiteTimes":{"29714":{"Range":{"Type":"Range","Start":17,"End":29},"CellType":"BestOrRequired"},"29715":{"Range":{"Type":"Range","Start":17,"End":29},"CellType":"BestOrRequired"},"29716":{"Range":{"Type":"Range","Start":17,"End":29},"CellType":"Usable"}},"DoubleHook":{"Type":"Single","Start":1,"End":null},"TripleHook":{"Type":"Single","Start":1,"End":null},"BitePower":3,"Hookset":"Precision","AveragePoints":100,"Stars":4,"TimeAvailability":{},"WeatherAvailability":{"FairSkies":true,"Clouds":true,"Fog":true,"Rain":true,"Showers":true,"ClearSkies":false},"Intuition":null,"Mooch":null},{"ItemId":40550,"CellType":"Intuition","VoyageMissionType":"None","CanCauseSpectral":false,"RequiredBait":null,"BiteTimes":{"29714":{"Range":{"Type":"Range","Start":15,"End":26},"CellType":"BestOrRequired"}},"DoubleHook":{"Type":"Single","Start":1,"End":null},"TripleHook":{"Type":"Single","Start":1,"End":null},"BitePower":3,"Hookset":"Precision","AveragePoints":263,"Stars":4,"TimeAvailability":{},"WeatherAvailability":{"FairSkies":true,"Clouds":true,"Fog":true,"Rain":true,"Showers":true,"ClearSkies":true},"Intuition":{"Fish":[{"Item1":40548,"Item2":2}],"Duration":60},"Mooch":null}]},{"Type":"KuganeCoast","IsSpectral":true,"Fish":[{"ItemId":40551,"CellType":"Moochable","VoyageMissionType":"None","CanCauseSpectral":false,"RequiredBait":null,"BiteTimes":{"29714":{"Range":{"Type":"Range","Start":2,"End":3},"CellType":"Usable"},"29715":{"Range":{"Type":"Range","Start":2,"End":3},"CellType":"BestOrRequired"},"29716":{"Range":{"Type":"Range","Start":2,"End":3},"CellType":"Usable"},"40551":{"Range":{"Type":"Range","Start":2,"End":3},"CellType":"Usable"}},"DoubleHook":{"Type":"Single","Start":2,"End":null},"TripleHook":{"Type":"Single","Start":3,"End":null},"BitePower":2,"Hookset":"Powerful","AveragePoints":62,"Stars":4,"TimeAvailability":{"Day":true,"Sunset":true,"Night":true},"WeatherAvailability":{},"Intuition":null,"Mooch":null},{"ItemId":40552,"CellType":"None","VoyageMissionType":"Shrimp","CanCauseSpectral":false,"RequiredBait":null,"BiteTimes":{"29714":{"Range":{"Type":"Range","Start":2,"End":3},"CellType":"BestOrRequired"},"29715":{"Range":{"Type":"Range","Start":2,"End":3},"CellType":"Usable"},"29716":{"Range":{"Type":"Range","Start":2,"End":3},"CellType":"Usable"}},"DoubleHook":{"Type":"Single","Start":4,"End":null},"TripleHook":{"Type":"Single","Start":7,"End":null},"BitePower":1,"Hookset":"Precision","AveragePoints":58,"Stars":4,"TimeAvailability":{"Day":true,"Sunset":true,"Night":true},"WeatherAvailability":{},"Intuition":null,"Mooch":null},{"ItemId":40553,"CellType":"None","VoyageMissionType":"None","CanCauseSpectral":false,"RequiredBait":null,"BiteTimes":{"29715":{"Range":{"Type":"Range","Start":6,"End":8},"CellType":"BestOrRequired"}},"DoubleHook":{"Type":"Single","Start":2,"End":null},"TripleHook":{"Type":"Single","Start":3,"End":null},"BitePower":2,"Hookset":"Powerful","AveragePoints":191,"Stars":4,"TimeAvailability":{"Day":true,"Sunset":false,"Night":false},"WeatherAvailability":{},"Intuition":null,"Mooch":null},{"ItemId":40554,"CellType":"None","VoyageMissionType":"Squid","CanCauseSpectral":false,"RequiredBait":null,"BiteTimes":{"29714":{"Range":{"Type":"Range","Start":8,"End":12},"CellType":"Usable"},"29715":{"Range":{"Type":"Range","Start":8,"End":12},"CellType":"Usable"},"29716":{"Range":{"Type":"Range","Start":4,"End":6},"CellType":"BestOrRequired"}},"DoubleHook":{"Type":"Single","Start":4,"End":null},"TripleHook":{"Type":"Single","Start":7,"End":null},"BitePower":2,"Hookset":"Powerful","AveragePoints":115,"Stars":4,"TimeAvailability":{"Day":true,"Sunset":true,"Night":true},"WeatherAvailability":{},"Intuition":null,"Mooch":null},{"ItemId":40555,"CellType":"None","VoyageMissionType":"None","CanCauseSpectral":false,"RequiredBait":null,"BiteTimes":{"29714":{"Range":{"Type":"Range","Start":8,"End":11},"CellType":"BestOrRequired"}},"DoubleHook":{"Type":"Single","Start":2,"End":null},"TripleHook":{"Type":"Single","Start":3,"End":null},"BitePower":1,"Hookset":"Precision","AveragePoints":198,"Stars":4,"TimeAvailability":{"Day":false,"Sunset":true,"Night":false},"WeatherAvailability":{},"Intuition":null,"Mooch":null},{"ItemId":40556,"CellType":"None","VoyageMissionType":"None","CanCauseSpectral":false,"RequiredBait":null,"BiteTimes":{"29714":{"Range":{"Type":"Range","Start":3,"End":4},"CellType":"Usable"},"29715":{"Range":{"Type":"Range","Start":3,"End":4},"CellType":"BestOrRequired"},"29716":{"Range":{"Type":"Range","Start":3,"End":4},"CellType":"Usable"}},"DoubleHook":{"Type":"Single","Start":2,"End":null},"TripleHook":{"Type":"Single","Start":3,"End":null},"BitePower":1,"Hookset":"Precision","AveragePoints":62,"Stars":4,"TimeAvailability":{"Day":true,"Sunset":true,"Night":true},"WeatherAvailability":{},"Intuition":null,"Mooch":null},{"ItemId":40557,"CellType":"None","VoyageMissionType":"Shellfish","CanCauseSpectral":false,"RequiredBait":null,"BiteTimes":{"29714":{"Range":{"Type":"Range","Start":5,"End":7},"CellType":"BestOrRequired"},"29715":{"Range":{"Type":"Range","Start":5,"End":7},"CellType":"Usable"},"29716":{"Range":{"Type":"Range","Start":5,"End":7},"CellType":"Usable"}},"DoubleHook":{"Type":"Single","Start":4,"End":null},"TripleHook":{"Type":"Single","Start":7,"End":null},"BitePower":1,"Hookset":"Precision","AveragePoints":83,"Stars":4,"TimeAvailability":{"Day":true,"Sunset":true,"Night":false},"WeatherAvailability":{},"Intuition":null,"Mooch":null},{"ItemId":40558,"CellType":"None","VoyageMissionType":"None","CanCauseSpectral":false,"RequiredBait":null,"BiteTimes":{"29716":{"Range":{"Type":"Range","Start":3,"End":4},"CellType":"BestOrRequired"}},"DoubleHook":{"Type":"Single","Start":2,"End":null},"TripleHook":{"Type":"Single","Start":3,"End":null},"BitePower":3,"Hookset":"Powerful","AveragePoints":92,"Stars":4,"TimeAvailability":{"Day":true,"Sunset":true,"Night":true},"WeatherAvailability":{},"Intuition":null,"Mooch":null},{"ItemId":40559,"CellType":"None","VoyageMissionType":"None","CanCauseSpectral":false,"RequiredBait":null,"BiteTimes":{"29715":{"Range":{"Type":"Range","Start":6,"End":8},"CellType":"BestOrRequired"}},"DoubleHook":{"Type":"Single","Start":2,"End":null},"TripleHook":{"Type":"Single","Start":3,"End":null},"BitePower":2,"Hookset":"Powerful","AveragePoints":191,"Stars":4,"TimeAvailability":{"Day":false,"Sunset":true,"Night":false},"WeatherAvailability":{},"Intuition":null,"Mooch":null},{"ItemId":40560,"CellType":"Intuition","VoyageMissionType":"None","CanCauseSpectral":false,"RequiredBait":null,"BiteTimes":{},"DoubleHook":{"Type":"Single","Start":1,"End":null},"TripleHook":{"Type":"Single","Start":1,"End":null},"BitePower":3,"Hookset":"Powerful","AveragePoints":500,"Stars":5,"TimeAvailability":{"Day":false,"Sunset":false,"Night":true},"WeatherAvailability":{},"Intuition":{"Fish":[{"Item1":40558,"Item2":2}],"Duration":45},"Mooch":{"RequiredBait":40551,"Range":{"Type":"LooseRange","Start":8,"End":null}}}]},{"Type":"RubySea","IsSpectral":false,"Fish":[{"ItemId":40561,"CellType":"None","VoyageMissionType":"None","CanCauseSpectral":false,"RequiredBait":null,"BiteTimes":{"29714":{"Range":{"Type":"Range","Start":4,"End":7},"CellType":"BestOrRequired"},"29715":{"Range":{"Type":"Range","Start":4,"End":7},"CellType":"Usable"},"29716":{"Range":{"Type":"Range","Start":4,"End":7},"CellType":"Usable"}},"DoubleHook":{"Type":"Single","Start":2,"End":null},"TripleHook":{"Type":"Single","Start":3,"End":null},"BitePower":1,"Hookset":"Precision","AveragePoints":11,"Stars":1,"TimeAvailability":{},"WeatherAvailability":{"FairSkies":true,"Clouds":true,"Fog":true,"Wind":true,"Gales":true,"Thunder":true,"ClearSkies":true},"Intuition":null,"Mooch":null},{"ItemId":40562,"CellType":"None","VoyageMissionType":"Squid","CanCauseSpectral":false,"RequiredBait":null,"BiteTimes":{"29714":{"Range":{"Type":"Range","Start":10,"End":18},"CellType":"Usable"},"29715":{"Range":{"Type":"Range","Start":10,"End":18},"CellType":"BestOrRequired"},"29716":{"Range":{"Type":"Range","Start":10,"End":18},"CellType":"Usable"}},"DoubleHook":{"Type":"Single","Start":3,"End":null},"TripleHook":{"Type":"Single","Start":5,"End":null},"BitePower":2,"Hookset":"Powerful","AveragePoints":10,"Stars":1,"TimeAvailability":{},"WeatherAvailability":{"FairSkies":true,"Clouds":true,"Fog":true,"Wind":true,"Gales":true,"Thunder":true,"ClearSkies":true},"Intuition":null,"Mooch":null},{"ItemId":40563,"CellType":"None","VoyageMissionType":"None","CanCauseSpectral":false,"RequiredBait":null,"BiteTimes":{"29714":{"Range":{"Type":"Range","Start":5,"End":9},"CellType":"BestOrRequired"},"29715":{"Range":{"Type":"Range","Start":5,"End":9},"CellType":"Usable"},"29716":{"Range":{"Type":"Range","Start":5,"End":9},"CellType":"Usable"}},"DoubleHook":{"Type":"Single","Start":2,"End":null},"TripleHook":{"Type":"Single","Start":3,"End":null},"BitePower":1,"Hookset":"Precision","AveragePoints":15,"Stars":1,"TimeAvailability":{},"WeatherAvailability":{"FairSkies":true,"Clouds":true,"Fog":true,"Wind":false,"Gales":false,"Thunder":false,"ClearSkies":true},"Intuition":null,"Mooch":null},{"ItemId":40564,"CellType":"None","VoyageMissionType":"None","CanCauseSpectral":false,"RequiredBait":null,"BiteTimes":{"29714":{"Range":{"Type":"Range","Start":10,"End":14},"CellType":"Usable"},"29715":{"Range":{"Type":"Range","Start":5,"End":9},"CellType":"BestOrRequired"},"29716":{"Range":{"Type":"Range","Start":10,"End":14},"CellType":"Usable"}},"DoubleHook":{"Type":"Single","Start":2,"End":null},"TripleHook":{"Type":"Single","Start":3,"End":null},"BitePower":2,"Hookset":"Powerful","AveragePoints":41,"Stars":2,"TimeAvailability":{},"WeatherAvailability":{"FairSkies":true,"Clouds":true,"Fog":true,"Wind":true,"Gales":true,"Thunder":false,"ClearSkies":true},"Intuition":null,"Mooch":null},{"ItemId":40567,"CellType":"None","VoyageMissionType":"Shrimp","CanCauseSpectral":false,"RequiredBait":null,"BiteTimes":{"29714":{"Range":{"Type":"Range","Start":10,"End":18},"CellType":"BestOrRequired"},"29715":{"Range":{"Type":"Range","Start":15,"End":23},"CellType":"Usable"},"29716":{"Range":{"Type":"Range","Start":15,"End":23},"CellType":"Usable"}},"DoubleHook":{"Type":"Single","Start":3,"End":null},"TripleHook":{"Type":"Single","Start":5,"End":null},"BitePower":1,"Hookset":"Precision","AveragePoints":33,"Stars":2,"TimeAvailability":{},"WeatherAvailability":{"FairSkies":true,"Clouds":true,"Fog":true,"Wind":true,"Gales":true,"Thunder":true,"ClearSkies":true},"Intuition":null,"Mooch":null},{"ItemId":40565,"CellType":"None","VoyageMissionType":"None","CanCauseSpectral":false,"RequiredBait":null,"BiteTimes":{"29714":{"Range":{"Type":"Range","Start":19,"End":31},"CellType":"BestOrRequired"},"29715":{"Range":{"Type":"Range","Start":19,"End":31},"CellType":"Usable"},"29716":{"Range":{"Type":"Range","Start":19,"End":31},"CellType":"Usable"}},"DoubleHook":{"Type":"Single","Start":2,"End":null},"TripleHook":{"Type":"Single","Start":3,"End":null},"BitePower":1,"Hookset":"Precision","AveragePoints":57,"Stars":2,"TimeAvailability":{},"WeatherAvailability":{"FairSkies":true,"Clouds":true,"Fog":true,"Wind":true,"Gales":true,"Thunder":true,"ClearSkies":true},"Intuition":null,"Mooch":null},{"ItemId":40566,"CellType":"None","VoyageMissionType":"None","CanCauseSpectral":false,"RequiredBait":null,"BiteTimes":{"29714":{"Range":{"Type":"Range","Start":19,"End":31},"CellType":"Usable"},"29715":{"Range":{"Type":"Range","Start":19,"End":31},"CellType":"Usable"},"29716":{"Range":{"Type":"Range","Start":14,"End":25},"CellType":"BestOrRequired"}},"DoubleHook":{"Type":"Single","Start":2,"End":null},"TripleHook":{"Type":"Single","Start":3,"End":null},"BitePower":2,"Hookset":"Powerful","AveragePoints":38,"Stars":3,"TimeAvailability":{},"WeatherAvailability":{"FairSkies":true,"Clouds":false,"Fog":false,"Wind":true,"Gales":false,"Thunder":true,"ClearSkies":true},"Intuition":null,"Mooch":null},{"ItemId":40568,"CellType":"None","VoyageMissionType":"None","CanCauseSpectral":false,"RequiredBait":null,"BiteTimes":{"29714":{"Range":{"Type":"Range","Start":14,"End":21},"CellType":"Usable"},"29715":{"Range":{"Type":"Range","Start":14,"End":21},"CellType":"Usable"},"29716":{"Range":{"Type":"Range","Start":13,"End":20},"CellType":"BestOrRequired"}},"DoubleHook":{"Type":"Single","Start":2,"End":null},"TripleHook":{"Type":"Single","Start":3,"End":null},"BitePower":3,"Hookset":"Powerful","AveragePoints":55,"Stars":3,"TimeAvailability":{},"WeatherAvailability":{"FairSkies":true,"Clouds":true,"Fog":true,"Wind":true,"Gales":true,"Thunder":true,"ClearSkies":true},"Intuition":null,"Mooch":null},{"ItemId":40569,"CellType":"None","VoyageMissionType":"None","CanCauseSpectral":true,"RequiredBait":null,"BiteTimes":{"29714":{"Range":{"Type":"Range","Start":16,"End":24},"CellType":"Usable"},"29715":{"Range":{"Type":"Range","Start":16,"End":25},"CellType":"BestOrRequired"},"29716":{"Range":{"Type":"Range","Start":16,"End":24},"CellType":"Usable"}},"DoubleHook":{"Type":"Single","Start":1,"End":null},"TripleHook":{"Type":"Single","Start":1,"End":null},"BitePower":3,"Hookset":"Powerful","AveragePoints":100,"Stars":4,"TimeAvailability":{},"WeatherAvailability":{"FairSkies":true,"Clouds":true,"Fog":true,"Wind":true,"Gales":true,"Thunder":true,"ClearSkies":false},"Intuition":null,"Mooch":null},{"ItemId":40570,"CellType":"Intuition","VoyageMissionType":"None","CanCauseSpectral":false,"RequiredBait":null,"BiteTimes":{"29715":{"Range":{"Type":"Range","Start":16,"End":27},"CellType":"BestOrRequired"}},"DoubleHook":{"Type":"Single","Start":1,"End":null},"TripleHook":{"Type":"Single","Start":1,"End":null},"BitePower":3,"Hookset":"Powerful","AveragePoints":227,"Stars":4,"TimeAvailability":{},"WeatherAvailability":{"FairSkies":true,"Clouds":true,"Fog":true,"Wind":true,"Gales":true,"Thunder":true,"ClearSkies":true},"Intuition":{"Fish":[{"Item1":40561,"Item2":3}],"Duration":60},"Mooch":null}]},{"Type":"RubySea","IsSpectral":true,"Fish":[{"ItemId":40571,"CellType":"None","VoyageMissionType":"Squid","CanCauseSpectral":false,"RequiredBait":null,"BiteTimes":{"29714":{"Range":{"Type":"Range","Start":3,"End":4},"CellType":"Usable"},"29715":{"Range":{"Type":"Range","Start":3,"End":4},"CellType":"Usable"},"29716":{"Range":{"Type":"Range","Start":3,"End":4},"CellType":"BestOrRequired"},"27590":{"Range":{"Type":"Range","Start":6,"End":8},"CellType":"Usable"}},"DoubleHook":{"Type":"Single","Start":4,"End":null},"TripleHook":{"Type":"Single","Start":7,"End":null},"BitePower":2,"Hookset":"Powerful","AveragePoints":81,"Stars":4,"TimeAvailability":{"Day":true,"Sunset":true,"Night":true},"WeatherAvailability":{},"Intuition":null,"Mooch":null},{"ItemId":40572,"CellType":"None","VoyageMissionType":"Shrimp","CanCauseSpectral":false,"RequiredBait":null,"BiteTimes":{"29714":{"Range":{"Type":"Range","Start":3,"End":4},"CellType":"BestOrRequired"},"29715":{"Range":{"Type":"Range","Start":3,"End":4},"CellType":"Usable"},"29716":{"Range":{"Type":"Range","Start":3,"End":4},"CellType":"Usable"},"27590":{"Range":{"Type":"Range","Start":6,"End":8},"CellType":"Usable"}},"DoubleHook":{"Type":"Single","Start":4,"End":null},"TripleHook":{"Type":"Single","Start":7,"End":null},"BitePower":1,"Hookset":"Precision","AveragePoints":83,"Stars":4,"TimeAvailability":{"Day":true,"Sunset":true,"Night":true},"WeatherAvailability":{},"Intuition":null,"Mooch":null},{"ItemId":40573,"CellType":"None","VoyageMissionType":"None","CanCauseSpectral":false,"RequiredBait":null,"BiteTimes":{"29714":{"Range":{"Type":"Range","Start":5,"End":6},"CellType":"BestOrRequired"}},"DoubleHook":{"Type":"Single","Start":2,"End":null},"TripleHook":{"Type":"Single","Start":3,"End":null},"BitePower":1,"Hookset":"Precision","AveragePoints":218,"Stars":4,"TimeAvailability":{"Day":true,"Sunset":false,"Night":false},"WeatherAvailability":{},"Intuition":null,"Mooch":null},{"ItemId":40574,"CellType":"None","VoyageMissionType":"None","CanCauseSpectral":false,"RequiredBait":null,"BiteTimes":{"29714":{"Range":{"Type":"Range","Start":5,"End":7},"CellType":"BestOrRequired"},"29715":{"Range":{"Type":"Range","Start":5,"End":7},"CellType":"Usable"},"29716":{"Range":{"Type":"Range","Start":5,"End":7},"CellType":"Usable"},"27590":{"Range":{"Type":"Range","Start":5,"End":8},"CellType":"Usable"}},"DoubleHook":{"Type":"Single","Start":2,"End":null},"TripleHook":{"Type":"Single","Start":3,"End":null},"BitePower":1,"Hookset":"Precision","AveragePoints":83,"Stars":4,"TimeAvailability":{"Day":true,"Sunset":true,"Night":true},"WeatherAvailability":{},"Intuition":null,"Mooch":null},{"ItemId":40575,"CellType":"None","VoyageMissionType":"None","CanCauseSpectral":false,"RequiredBait":null,"BiteTimes":{"29714":{"Range":{"Type":"Range","Start":2,"End":3},"CellType":"Usable"},"29715":{"Range":{"Type":"Range","Start":2,"End":3},"CellType":"Usable"},"29716":{"Range":{"Type":"Range","Start":2,"End":3},"CellType":"BestOrRequired"},"27590":{"Range":{"Type":"Range","Start":5,"End":6},"CellType":"Usable"}},"DoubleHook":{"Type":"Single","Start":2,"End":null},"TripleHook":{"Type":"Single","Start":3,"End":null},"BitePower":2,"Hookset":"Powerful","AveragePoints":76,"Stars":4,"TimeAvailability":{"Day":true,"Sunset":true,"Night":true},"WeatherAvailability":{},"Intuition":null,"Mooch":null},{"ItemId":40576,"CellType":"None","VoyageMissionType":"None","CanCauseSpectral":false,"RequiredBait":null,"BiteTimes":{"29715":{"Range":{"Type":"Range","Start":5,"End":6},"CellType":"BestOrRequired"}},"DoubleHook":{"Type":"Single","Start":2,"End":null},"TripleHook":{"Type":"Single","Start":3,"End":null},"BitePower":2,"Hookset":"Powerful","AveragePoints":187,"Stars":4,"TimeAvailability":{"Day":false,"Sunset":false,"Night":true},"WeatherAvailability":{},"Intuition":null,"Mooch":null},{"ItemId":40577,"CellType":"None","VoyageMissionType":"None","CanCauseSpectral":false,"RequiredBait":null,"BiteTimes":{"29714":{"Range":{"Type":"Range","Start":6,"End":8},"CellType":"BestOrRequired"}},"DoubleHook":{"Type":"Single","Start":2,"End":null},"TripleHook":{"Type":"Single","Start":3,"End":null},"BitePower":1,"Hookset":"Precision","AveragePoints":218,"Stars":4,"TimeAvailability":{"Day":true,"Sunset":false,"Night":false},"WeatherAvailability":{},"Intuition":null,"Mooch":null},{"ItemId":40578,"CellType":"None","VoyageMissionType":"None","CanCauseSpectral":false,"RequiredBait":null,"BiteTimes":{"29716":{"Range":{"Type":"Range","Start":6,"End":8},"CellType":"BestOrRequired"}},"DoubleHook":{"Type":"Single","Start":2,"End":null},"TripleHook":{"Type":"Single","Start":3,"End":null},"BitePower":3,"Hookset":"Powerful","AveragePoints":178,"Stars":4,"TimeAvailability":{"Day":false,"Sunset":false,"Night":true},"WeatherAvailability":{},"Intuition":null,"Mooch":null},{"ItemId":40579,"CellType":"None","VoyageMissionType":"Squid","CanCauseSpectral":false,"RequiredBait":null,"BiteTimes":{"29714":{"Range":{"Type":"Range","Start":8,"End":12},"CellType":"Usable"},"29715":{"Range":{"Type":"Range","Start":8,"End":12},"CellType":"Usable"},"29716":{"Range":{"Type":"Range","Start":5,"End":8},"CellType":"BestOrRequired"},"27590":{"Range":{"Type":"Range","Start":7,"End":11},"CellType":"Usable"}},"DoubleHook":{"Type":"Single","Start":4,"End":null},"TripleHook":{"Type":"Single","Start":7,"End":null},"BitePower":2,"Hookset":"Powerful","AveragePoints":126,"Stars":4,"TimeAvailability":{"Day":true,"Sunset":true,"Night":true},"WeatherAvailability":{},"Intuition":null,"Mooch":null},{"ItemId":40580,"CellType":"Intuition","VoyageMissionType":"None","CanCauseSpectral":false,"RequiredBait":27590,"BiteTimes":{"27590":{"Range":{"Type":"LooseRange","Start":9,"End":null},"CellType":"BestOrRequired"}},"DoubleHook":{"Type":"Single","Start":1,"End":null},"TripleHook":{"Type":"Single","Start":1,"End":null},"BitePower":3,"Hookset":"Powerful","AveragePoints":500,"Stars":5,"TimeAvailability":{"Day":false,"Sunset":true,"Night":false},"WeatherAvailability":{},"Intuition":{"Fish":[{"Item1":40579,"Item2":1},{"Item1":40571,"Item2":2}],"Duration":15},"Mooch":null}]},{"Type":"OneRiver","IsSpectral":false,"Fish":[{"ItemId":40581,"CellType":"None","VoyageMissionType":"None","CanCauseSpectral":false,"RequiredBait":null,"BiteTimes":{"29714":{"Range":{"Type":"Range","Start":6,"End":10},"CellType":"BestOrRequired"},"29715":{"Range":{"Type":"Range","Start":6,"End":10},"CellType":"Usable"},"29716":{"Range":{"Type":"Range","Start":6,"End":10},"CellType":"Usable"}},"DoubleHook":{"Type":"Single","Start":2,"End":null},"TripleHook":{"Type":"Single","Start":3,"End":null},"BitePower":1,"Hookset":"Precision","AveragePoints":10,"Stars":1,"TimeAvailability":{},"WeatherAvailability":{"FairSkies":true,"Clouds":true,"Fog":true,"Rain":true,"Showers":true,"ClearSkies":true},"Intuition":null,"Mooch":null},{"ItemId":40582,"CellType":"None","VoyageMissionType":"None","CanCauseSpectral":false,"RequiredBait":null,"BiteTimes":{"29714":{"Range":{"Type":"Range","Start":7,"End":12},"CellType":"Usable"},"29715":{"Range":{"Type":"Range","Start":7,"End":12},"CellType":"BestOrRequired"},"29716":{"Range":{"Type":"Range","Start":7,"End":12},"CellType":"Usable"}},"DoubleHook":{"Type":"Single","Start":2,"End":null},"TripleHook":{"Type":"Single","Start":3,"End":null},"BitePower":1,"Hookset":"Precision","AveragePoints":14,"Stars":1,"TimeAvailability":{},"WeatherAvailability":{"FairSkies":true,"Clouds":true,"Fog":true,"Rain":false,"Showers":false,"ClearSkies":true},"Intuition":null,"Mooch":null},{"ItemId":40583,"CellType":"None","VoyageMissionType":"None","CanCauseSpectral":false,"RequiredBait":null,"BiteTimes":{"29714":{"Range":{"Type":"Range","Start":8,"End":15},"CellType":"Usable"},"29715":{"Range":{"Type":"Range","Start":8,"End":15},"CellType":"BestOrRequired"},"29716":{"Range":{"Type":"Range","Start":8,"End":15},"CellType":"Usable"}},"DoubleHook":{"Type":"Single","Start":2,"End":null},"TripleHook":{"Type":"Single","Start":3,"End":null},"BitePower":2,"Hookset":"Powerful","AveragePoints":10,"Stars":1,"TimeAvailability":{},"WeatherAvailability":{"FairSkies":true,"Clouds":true,"Fog":true,"Rain":true,"Showers":true,"ClearSkies":true},"Intuition":null,"Mooch":null},{"ItemId":40584,"CellType":"None","VoyageMissionType":"None","CanCauseSpectral":false,"RequiredBait":null,"BiteTimes":{"29714":{"Range":{"Type":"Range","Start":5,"End":9},"CellType":"BestOrRequired"},"29715":{"Range":{"Type":"Range","Start":10,"End":14},"CellType":"Usable"},"29716":{"Range":{"Type":"Range","Start":10,"End":14},"CellType":"Usable"}},"DoubleHook":{"Type":"Single","Start":2,"End":null},"TripleHook":{"Type":"Single","Start":3,"End":null},"BitePower":1,"Hookset":"Precision","AveragePoints":37,"Stars":2,"TimeAvailability":{},"WeatherAvailability":{"FairSkies":true,"Clouds":false,"Fog":false,"Rain":true,"Showers":true,"ClearSkies":true},"Intuition":null,"Mooch":null},{"ItemId":40585,"CellType":"None","VoyageMissionType":"None","CanCauseSpectral":false,"RequiredBait":null,"BiteTimes":{"29714":{"Range":{"Type":"Range","Start":12,"End":19},"CellType":"Usable"},"29715":{"Range":{"Type":"Range","Start":12,"End":19},"CellType":"Usable"},"29716":{"Range":{"Type":"Range","Start":8,"End":14},"CellType":"BestOrRequired"}},"DoubleHook":{"Type":"Single","Start":2,"End":null},"TripleHook":{"Type":"Single","Start":3,"End":null},"BitePower":2,"Hookset":"Powerful","AveragePoints":40,"Stars":2,"TimeAvailability":{},"WeatherAvailability":{"FairSkies":true,"Clouds":true,"Fog":true,"Rain":true,"Showers":false,"ClearSkies":true},"Intuition":null,"Mooch":null},{"ItemId":40586,"CellType":"None","VoyageMissionType":"Shrimp","CanCauseSpectral":false,"RequiredBait":null,"BiteTimes":{"29714":{"Range":{"Type":"Range","Start":13,"End":24},"CellType":"BestOrRequired"},"29715":{"Range":{"Type":"Range","Start":17,"End":29},"CellType":"Usable"},"29716":{"Range":{"Type":"Range","Start":17,"End":29},"CellType":"Usable"}},"DoubleHook":{"Type":"Single","Start":3,"End":null},"TripleHook":{"Type":"Single","Start":5,"End":null},"BitePower":1,"Hookset":"Powerful","AveragePoints":31,"Stars":2,"TimeAvailability":{},"WeatherAvailability":{"FairSkies":true,"Clouds":true,"Fog":true,"Rain":true,"Showers":true,"ClearSkies":true},"Intuition":null,"Mooch":null},{"ItemId":40587,"CellType":"None","VoyageMissionType":"None","CanCauseSpectral":false,"RequiredBait":null,"BiteTimes":{"29714":{"Range":{"Type":"Range","Start":15,"End":23},"CellType":"Usable"},"29715":{"Range":{"Type":"Range","Start":14,"End":22},"CellType":"BestOrRequired"},"29716":{"Range":{"Type":"Range","Start":15,"End":23},"CellType":"Usable"}},"DoubleHook":{"Type":"Single","Start":2,"End":null},"TripleHook":{"Type":"Single","Start":3,"End":null},"BitePower":2,"Hookset":"Powerful","AveragePoints":52,"Stars":3,"TimeAvailability":{},"WeatherAvailability":{"FairSkies":true,"Clouds":true,"Fog":true,"Rain":true,"Showers":true,"ClearSkies":true},"Intuition":null,"Mooch":null},{"ItemId":40588,"CellType":"None","VoyageMissionType":"None","CanCauseSpectral":false,"RequiredBait":null,"BiteTimes":{"29714":{"Range":{"Type":"Range","Start":12,"End":17},"CellType":"Usable"},"29715":{"Range":{"Type":"Range","Start":12,"End":17},"CellType":"Usable"},"29716":{"Range":{"Type":"Range","Start":11,"End":16},"CellType":"BestOrRequired"}},"DoubleHook":{"Type":"Single","Start":2,"End":null},"TripleHook":{"Type":"Single","Start":3,"End":null},"BitePower":3,"Hookset":"Powerful","AveragePoints":49,"Stars":3,"TimeAvailability":{},"WeatherAvailability":{"FairSkies":true,"Clouds":true,"Fog":true,"Rain":true,"Showers":true,"ClearSkies":true},"Intuition":null,"Mooch":null},{"ItemId":40589,"CellType":"None","VoyageMissionType":"None","CanCauseSpectral":true,"RequiredBait":null,"BiteTimes":{"29714":{"Range":{"Type":"Range","Start":16,"End":27},"CellType":"Usable"},"29715":{"Range":{"Type":"Range","Start":16,"End":27},"CellType":"BestOrRequired"},"29716":{"Range":{"Type":"Range","Start":17,"End":27},"CellType":"BestOrRequired"}},"DoubleHook":{"Type":"Single","Start":1,"End":null},"TripleHook":{"Type":"Single","Start":1,"End":null},"BitePower":3,"Hookset":"Powerful","AveragePoints":100,"Stars":4,"TimeAvailability":{},"WeatherAvailability":{"FairSkies":true,"Clouds":true,"Fog":true,"Rain":true,"Showers":true,"ClearSkies":false},"Intuition":null,"Mooch":null},{"ItemId":40590,"CellType":"Intuition","VoyageMissionType":"None","CanCauseSpectral":false,"RequiredBait":null,"BiteTimes":{"29716":{"Range":{"Type":"Range","Start":17,"End":28},"CellType":"BestOrRequired"}},"DoubleHook":{"Type":"Single","Start":1,"End":null},"TripleHook":{"Type":"Single","Start":1,"End":null},"BitePower":3,"Hookset":"Powerful","AveragePoints":223,"Stars":4,"TimeAvailability":{},"WeatherAvailability":{"FairSkies":true,"Clouds":true,"Fog":true,"Rain":true,"Showers":true,"ClearSkies":true},"Intuition":{"Fish":[{"Item1":40581,"Item2":3}],"Duration":60},"Mooch":null}]},{"Type":"OneRiver","IsSpectral":true,"Fish":[{"ItemId":40591,"CellType":"None","VoyageMissionType":"Shrimp","CanCauseSpectral":false,"RequiredBait":null,"BiteTimes":{"29714":{"Range":{"Type":"Range","Start":3,"End":4},"CellType":"BestOrRequired"},"29715":{"Range":{"Type":"Range","Start":3,"End":4},"CellType":"Usable"},"29716":{"Range":{"Type":"Range","Start":3,"End":4},"CellType":"Usable"},"12704":{"Range":{"Type":"Range","Start":3,"End":4},"CellType":"Usable"}},"DoubleHook":{"Type":"Single","Start":4,"End":null},"TripleHook":{"Type":"Single","Start":7,"End":null},"BitePower":1,"Hookset":"Precision","AveragePoints":85,"Stars":4,"TimeAvailability":{"Day":true,"Sunset":true,"Night":true},"WeatherAvailability":{},"Intuition":null,"Mooch":null},{"ItemId":40592,"CellType":"None","VoyageMissionType":"None","CanCauseSpectral":false,"RequiredBait":null,"BiteTimes":{"29714":{"Range":{"Type":"Range","Start":2,"End":3},"CellType":"Usable"},"29715":{"Range":{"Type":"Range","Start":2,"End":3},"CellType":"Usable"},"29716":{"Range":{"Type":"Range","Start":2,"End":3},"CellType":"BestOrRequired"},"12704":{"Range":{"Type":"Range","Start":5,"End":6},"CellType":"Usable"}},"DoubleHook":{"Type":"Single","Start":2,"End":null},"TripleHook":{"Type":"Single","Start":3,"End":null},"BitePower":2,"Hookset":"Powerful","AveragePoints":79,"Stars":4,"TimeAvailability":{"Day":true,"Sunset":true,"Night":true},"WeatherAvailability":{},"Intuition":null,"Mooch":null},{"ItemId":40593,"CellType":"None","VoyageMissionType":"None","CanCauseSpectral":false,"RequiredBait":null,"BiteTimes":{"29714":{"Range":{"Type":"Range","Start":3,"End":4},"CellType":"Usable"},"29715":{"Range":{"Type":"Range","Start":3,"End":4},"CellType":"Usable"},"29716":{"Range":{"Type":"Range","Start":3,"End":4},"CellType":"BestOrRequired"},"12704":{"Range":{"Type":"Range","Start":3,"End":4},"CellType":"Usable"}},"DoubleHook":{"Type":"Single","Start":2,"End":null},"TripleHook":{"Type":"Single","Start":3,"End":null},"BitePower":2,"Hookset":"Powerful","AveragePoints":79,"Stars":4,"TimeAvailability":{"Day":true,"Sunset":true,"Night":true},"WeatherAvailability":{},"Intuition":null,"Mooch":null},{"ItemId":40594,"CellType":"None","VoyageMissionType":"Shellfish","CanCauseSpectral":false,"RequiredBait":null,"BiteTimes":{"29714":{"Range":{"Type":"Range","Start":5,"End":7},"CellType":"BestOrRequired"},"29715":{"Range":{"Type":"Range","Start":5,"End":7},"CellType":"Usable"},"29716":{"Range":{"Type":"Range","Start":5,"End":7},"CellType":"Usable"},"12704":{"Range":{"Type":"Range","Start":8,"End":11},"CellType":"Usable"}},"DoubleHook":{"Type":"Single","Start":4,"End":null},"TripleHook":{"Type":"Single","Start":7,"End":null},"BitePower":1,"Hookset":"Precision","AveragePoints":85,"Stars":4,"TimeAvailability":{"Day":true,"Sunset":true,"Night":true},"WeatherAvailability":{},"Intuition":null,"Mooch":null},{"ItemId":40595,"CellType":"None","VoyageMissionType":"None","CanCauseSpectral":false,"RequiredBait":null,"BiteTimes":{"29714":{"Range":{"Type":"Range","Start":2,"End":3},"CellType":"BestOrRequired"},"29715":{"Range":{"Type":"Range","Start":2,"End":3},"CellType":"Usable"},"29716":{"Range":{"Type":"Range","Start":2,"End":3},"CellType":"Usable"},"12704":{"Range":{"Type":"Range","Start":2,"End":3},"CellType":"Usable"}},"DoubleHook":{"Type":"Single","Start":2,"End":null},"TripleHook":{"Type":"Single","Start":3,"End":null},"BitePower":1,"Hookset":"Precision","AveragePoints":85,"Stars":4,"TimeAvailability":{"Day":true,"Sunset":true,"Night":true},"WeatherAvailability":{},"Intuition":null,"Mooch":null},{"ItemId":40596,"CellType":"None","VoyageMissionType":"None","CanCauseSpectral":false,"RequiredBait":null,"BiteTimes":{"29715":{"Range":{"Type":"Range","Start":5,"End":6},"CellType":"BestOrRequired"}},"DoubleHook":{"Type":"Single","Start":2,"End":null},"TripleHook":{"Type":"Single","Start":3,"End":null},"BitePower":1,"Hookset":"Precision","AveragePoints":184,"Stars":4,"TimeAvailability":{"Day":false,"Sunset":true,"Night":false},"WeatherAvailability":{},"Intuition":null,"Mooch":null},{"ItemId":40597,"CellType":"None","VoyageMissionType":"None","CanCauseSpectral":false,"RequiredBait":null,"BiteTimes":{"29715":{"Range":{"Type":"Range","Start":5,"End":6},"CellType":"BestOrRequired"}},"DoubleHook":{"Type":"Single","Start":2,"End":null},"TripleHook":{"Type":"Single","Start":3,"End":null},"BitePower":2,"Hookset":"Powerful","AveragePoints":209,"Stars":4,"TimeAvailability":{"Day":false,"Sunset":false,"Night":true},"WeatherAvailability":{},"Intuition":null,"Mooch":null},{"ItemId":40598,"CellType":"None","VoyageMissionType":"None","CanCauseSpectral":false,"RequiredBait":null,"BiteTimes":{"29716":{"Range":{"Type":"Range","Start":6,"End":8},"CellType":"BestOrRequired"}},"DoubleHook":{"Type":"Single","Start":2,"End":null},"TripleHook":{"Type":"Single","Start":3,"End":null},"BitePower":1,"Hookset":"Powerful","AveragePoints":185,"Stars":4,"TimeAvailability":{"Day":false,"Sunset":false,"Night":true},"WeatherAvailability":{},"Intuition":null,"Mooch":null},{"ItemId":40599,"CellType":"None","VoyageMissionType":"None","CanCauseSpectral":false,"RequiredBait":null,"BiteTimes":{"29715":{"Range":{"Type":"Range","Start":5,"End":6},"CellType":"BestOrRequired"}},"DoubleHook":{"Type":"Single","Start":2,"End":null},"TripleHook":{"Type":"Single","Start":3,"End":null},"BitePower":2,"Hookset":"Powerful","AveragePoints":209,"Stars":4,"TimeAvailability":{"Day":false,"Sunset":true,"Night":false},"WeatherAvailability":{},"Intuition":null,"Mooch":null},{"ItemId":40600,"CellType":"Intuition","VoyageMissionType":"None","CanCauseSpectral":false,"RequiredBait":12704,"BiteTimes":{"12704":{"Range":{"Type":"Range","Start":5,"End":8},"CellType":"BestOrRequired"}},"DoubleHook":{"Type":"Single","Start":1,"End":null},"TripleHook":{"Type":"Single","Start":1,"End":null},"BitePower":1,"Hookset":"Precision","AveragePoints":500,"Stars":5,"TimeAvailability":{"Day":true,"Sunset":false,"Night":false},"WeatherAvailability":{},"Intuition":{"Fish":[{"Item1":40595,"Item2":2},{"Item1":40591,"Item2":1}],"Duration":15},"Mooch":null}]}]