{
  "Author": "Caraxi & Ottermandias",
  "Name": "ChatAlerts",
  "InternalName": "ChatAlerts",
  "AssemblyVersion": "2.0.3.0",
  "Description": "",
  "ApplicableVersion": "any",
  "RepoUrl": "https://github.com/Ottermandias/ChatAlerts",
  "Tags": [
    "Chat",
    "Highlight",
    "Alert",
    "Alarm",
    "Ping",
    "Roleplay",
    "Sound"
  ],
  "DalamudApiLevel": 9,
  "LoadRequiredState": 0,
  "LoadSync": false,
  "CanUnloadAsync": false,
  "LoadPriority": 0,
  "Punchline": "Play sounds and highlight text based on defined filters.",
  "AcceptsFeedback": true
}