{
  "Author": "perchbird",
  "Name": "Housemate",
  "InternalName": "Housemate",
  "AssemblyVersion": "1.0.2.11",
  "Description": "Housemate offers multiple features that help you gain inspiration from other homes in XIV.\nIf you're looking for a specific home or outdoor item, you can check the exterior list\nwhen running around a ward. If you're interested in seeing what items make up a\nstructure in a home - turn on the item overlay to see what they are!\n\nNote: This plugin is purely informational, and does not assist you in placing\nor \"glitching\" housing items.",
  "ApplicableVersion": "any",
  "RepoUrl": "https://github.com/lmcintyre/Housemate",
  "DalamudApiLevel": 9,
  "LoadRequiredState": 0,
  "LoadSync": false,
  "CanUnloadAsync": false,
  "LoadPriority": 0,
  "Punchline": "Displays information about housing fixtures and objects.",
  "AcceptsFeedback": true
}