{
  "Author": "img02",
  "Name": "Fungah",
  "InternalName": "Fungah",
  "AssemblyVersion": "1.0.0.2",
  "Description": "Guaranteed to be safe, unless it isn't. No refunds. \n\n[ Any Way the Wind Blows (Fungah) is a Gold Saucer Gate \n  There are variations of AOE patterns that can occur \n  There is no real 'safe spot', but there are spaces where there is less overlap by these potential AOEs \n  One of these spots is marked by this plugin when you are in the GATE ]",
  "ApplicableVersion": "any",
  "Tags": [
    "Fungah",
    "gold saucer",
    "GATE",
    "Any way the wind blows"
  ],
  "DalamudApiLevel": 9,
  "LoadRequiredState": 0,
  "LoadSync": false,
  "CanUnloadAsync": false,
  "LoadPriority": 0,
  "Punchline": "south spot best spot",
  "AcceptsFeedback": true
}